[
	{
		"pkg": "@capacitor/app",
		"classpath": "com.capacitorjs.plugins.app.AppPlugin"
	},
	{
		"pkg": "@capacitor/clipboard",
		"classpath": "com.capacitorjs.plugins.clipboard.ClipboardPlugin"
	},
	{
		"pkg": "@capacitor/local-notifications",
		"classpath": "com.capacitorjs.plugins.localnotifications.LocalNotificationsPlugin"
	},
	{
		"pkg": "@capacitor/status-bar",
		"classpath": "com.capacitorjs.plugins.statusbar.StatusBarPlugin"
	},
	{
		"pkg": "@robingenz/capacitor-background-task",
		"classpath": "dev.robingenz.capacitor.backgroundtask.BackgroundTaskPlugin"
	}
]
